District,Filename,Category,Subcategory,Order
Aberdeen School District,Historical Demographics for the Aberdeen School District.png,student demographics,student demographics,5
Adna School District,Historical Demographics for the Adna School District.png,student demographics,student demographics,5
Almira School District,Historical Demographics for the Almira School District.png,student demographics,student demographics,5
Anacortes School District,Historical Demographics for the Anacortes School District.png,student demographics,student demographics,5
Arlington School District,Historical Demographics for the Arlington School District.png,student demographics,student demographics,5
Asotin-Anatone School District,Historical Demographics for the Asotin-Anatone School District.png,student demographics,student demographics,5
Auburn School District,Historical Demographics for the Auburn School District.png,student demographics,student demographics,5
Bainbridge Island School District,Historical Demographics for the Bainbridge Island School District.png,student demographics,student demographics,5
Battle Ground School District,Historical Demographics for the Battle Ground School District.png,student demographics,student demographics,5
Bellevue School District,Historical Demographics for the Bellevue School District.png,student demographics,student demographics,5
Bellingham School District,Historical Demographics for the Bellingham School District.png,student demographics,student demographics,5
Benge School District,Historical Demographics for the Benge School District.png,student demographics,student demographics,5
Bethel School District,Historical Demographics for the Bethel School District.png,student demographics,student demographics,5
Bickleton School District,Historical Demographics for the Bickleton School District.png,student demographics,student demographics,5
Blaine School District,Historical Demographics for the Blaine School District.png,student demographics,student demographics,5
Boistfort School District,Historical Demographics for the Boistfort School District.png,student demographics,student demographics,5
Bremerton School District,Historical Demographics for the Bremerton School District.png,student demographics,student demographics,5
Brewster School District,Historical Demographics for the Brewster School District.png,student demographics,student demographics,5
Bridgeport School District,Historical Demographics for the Bridgeport School District.png,student demographics,student demographics,5
Brinnon School District,Historical Demographics for the Brinnon School District.png,student demographics,student demographics,5
Burlington-Edison School District,Historical Demographics for the Burlington-Edison School District.png,student demographics,student demographics,5
Camas School District,Historical Demographics for the Camas School District.png,student demographics,student demographics,5
Cape Flattery School District,Historical Demographics for the Cape Flattery School District.png,student demographics,student demographics,5
Carbonado School District,Historical Demographics for the Carbonado School District.png,student demographics,student demographics,5
Cascade School District,Historical Demographics for the Cascade School District.png,student demographics,student demographics,5
Cashmere School District,Historical Demographics for the Cashmere School District.png,student demographics,student demographics,5
Castle Rock School District,Historical Demographics for the Castle Rock School District.png,student demographics,student demographics,5
Centerville School District,Historical Demographics for the Centerville School District.png,student demographics,student demographics,5
Central Kitsap School District,Historical Demographics for the Central Kitsap School District.png,student demographics,student demographics,5
Central Valley School District,Historical Demographics for the Central Valley School District.png,student demographics,student demographics,5
Centralia School District,Historical Demographics for the Centralia School District.png,student demographics,student demographics,5
Chehalis School District,Historical Demographics for the Chehalis School District.png,student demographics,student demographics,5
Cheney School District,Historical Demographics for the Cheney School District.png,student demographics,student demographics,5
Chewelah School District,Historical Demographics for the Chewelah School District.png,student demographics,student demographics,5
Chimacum School District,Historical Demographics for the Chimacum School District.png,student demographics,student demographics,5
Clarkston School District,Historical Demographics for the Clarkston School District.png,student demographics,student demographics,5
Cle Elum-Roslyn School District,Historical Demographics for the Cle Elum-Roslyn School District.png,student demographics,student demographics,5
Clover Park School District,Historical Demographics for the Clover Park School District.png,student demographics,student demographics,5
Colfax School District,Historical Demographics for the Colfax School District.png,student demographics,student demographics,5
College Place School District,Historical Demographics for the College Place School District.png,student demographics,student demographics,5
Colton School District,Historical Demographics for the Colton School District.png,student demographics,student demographics,5
Columbia (Stevens) School District,Historical Demographics for the Columbia (Stevens) School District.png,student demographics,student demographics,5
Columbia (Walla Walla) School District,Historical Demographics for the Columbia (Walla Walla) School District.png,student demographics,student demographics,5
Colville School District,Historical Demographics for the Colville School District.png,student demographics,student demographics,5
Concrete School District,Historical Demographics for the Concrete School District.png,student demographics,student demographics,5
Conway School District,Historical Demographics for the Conway School District.png,student demographics,student demographics,5
Cosmopolis School District,Historical Demographics for the Cosmopolis School District.png,student demographics,student demographics,5
Coulee-Hartline School District,Historical Demographics for the Coulee-Hartline School District.png,student demographics,student demographics,5
Coupeville School District,Historical Demographics for the Coupeville School District.png,student demographics,student demographics,5
Crescent School District,Historical Demographics for the Crescent School District.png,student demographics,student demographics,5
Creston School District,Historical Demographics for the Creston School District.png,student demographics,student demographics,5
Curlew School District,Historical Demographics for the Curlew School District.png,student demographics,student demographics,5
Cusick School District,Historical Demographics for the Cusick School District.png,student demographics,student demographics,5
Damman School District,Historical Demographics for the Damman School District.png,student demographics,student demographics,5
Darrington School District,Historical Demographics for the Darrington School District.png,student demographics,student demographics,5
Davenport School District,Historical Demographics for the Davenport School District.png,student demographics,student demographics,5
Dayton School District,Historical Demographics for the Dayton School District.png,student demographics,student demographics,5
Deer Park School District,Historical Demographics for the Deer Park School District.png,student demographics,student demographics,5
Dieringer School District,Historical Demographics for the Dieringer School District.png,student demographics,student demographics,5
Dixie School District,Historical Demographics for the Dixie School District.png,student demographics,student demographics,5
East Valley School District (Spokane),Historical Demographics for the East Valley School District (Spokane).png,student demographics,student demographics,5
East Valley School District (Yakima),Historical Demographics for the East Valley School District (Yakima).png,student demographics,student demographics,5
Eastmont School District,Historical Demographics for the Eastmont School District.png,student demographics,student demographics,5
Easton School District,Historical Demographics for the Easton School District.png,student demographics,student demographics,5
Eatonville School District,Historical Demographics for the Eatonville School District.png,student demographics,student demographics,5
Edmonds School District,Historical Demographics for the Edmonds School District.png,student demographics,student demographics,5
Ellensburg School District,Historical Demographics for the Ellensburg School District.png,student demographics,student demographics,5
Elma School District,Historical Demographics for the Elma School District.png,student demographics,student demographics,5
Endicott School District,Historical Demographics for the Endicott School District.png,student demographics,student demographics,5
Entiat School District,Historical Demographics for the Entiat School District.png,student demographics,student demographics,5
Enumclaw School District,Historical Demographics for the Enumclaw School District.png,student demographics,student demographics,5
Ephrata School District,Historical Demographics for the Ephrata School District.png,student demographics,student demographics,5
Evaline School District,Historical Demographics for the Evaline School District.png,student demographics,student demographics,5
Everett School District,Historical Demographics for the Everett School District.png,student demographics,student demographics,5
Evergreen School District (Clark),Historical Demographics for the Evergreen School District (Clark).png,student demographics,student demographics,5
Evergreen School District (Stevens),Historical Demographics for the Evergreen School District (Stevens).png,student demographics,student demographics,5
Excel Public Charter School,Historical Demographics for the Excel Public Charter School.png,student demographics,student demographics,5
Federal Way School District,Historical Demographics for the Federal Way School District.png,student demographics,student demographics,5
Ferndale School District,Historical Demographics for the Ferndale School District.png,student demographics,student demographics,5
Fife School District,Historical Demographics for the Fife School District.png,student demographics,student demographics,5
Finley School District,Historical Demographics for the Finley School District.png,student demographics,student demographics,5
Franklin Pierce School District,Historical Demographics for the Franklin Pierce School District.png,student demographics,student demographics,5
Freeman School District,Historical Demographics for the Freeman School District.png,student demographics,student demographics,5
Garfield School District,Historical Demographics for the Garfield School District.png,student demographics,student demographics,5
Glenwood School District,Historical Demographics for the Glenwood School District.png,student demographics,student demographics,5
Goldendale School District,Historical Demographics for the Goldendale School District.png,student demographics,student demographics,5
Grand Coulee Dam School District,Historical Demographics for the Grand Coulee Dam School District.png,student demographics,student demographics,5
Grandview School District,Historical Demographics for the Grandview School District.png,student demographics,student demographics,5
Granger School District,Historical Demographics for the Granger School District.png,student demographics,student demographics,5
Granite Falls School District,Historical Demographics for the Granite Falls School District.png,student demographics,student demographics,5
Grapeview School District,Historical Demographics for the Grapeview School District.png,student demographics,student demographics,5
Great Northern School District,Historical Demographics for the Great Northern School District.png,student demographics,student demographics,5
Green Dot Destiny,Historical Demographics for the Green Dot Destiny.png,student demographics,student demographics,5
Green Mountain School District,Historical Demographics for the Green Mountain School District.png,student demographics,student demographics,5
Griffin School District,Historical Demographics for the Griffin School District.png,student demographics,student demographics,5
Harrington School District,Historical Demographics for the Harrington School District.png,student demographics,student demographics,5
Highland School District,Historical Demographics for the Highland School District.png,student demographics,student demographics,5
Highline School District,Historical Demographics for the Highline School District.png,student demographics,student demographics,5
Hockinson School District,Historical Demographics for the Hockinson School District.png,student demographics,student demographics,5
Hood Canal School District,Historical Demographics for the Hood Canal School District.png,student demographics,student demographics,5
Hoquiam School District,Historical Demographics for the Hoquiam School District.png,student demographics,student demographics,5
Impact Public Schools,Historical Demographics for the Impact Public Schools.png,student demographics,student demographics,5
Inchelium School District,Historical Demographics for the Inchelium School District.png,student demographics,student demographics,5
Index Elementary School District 63,Historical Demographics for the Index Elementary School District 63.png,student demographics,student demographics,5
Innovation Schools,Historical Demographics for the Innovation Schools.png,student demographics,student demographics,5
Issaquah School District,Historical Demographics for the Issaquah School District.png,student demographics,student demographics,5
Kahlotus School District,Historical Demographics for the Kahlotus School District.png,student demographics,student demographics,5
Kalama School District,Historical Demographics for the Kalama School District.png,student demographics,student demographics,5
Keller School District,Historical Demographics for the Keller School District.png,student demographics,student demographics,5
Kelso School District,Historical Demographics for the Kelso School District.png,student demographics,student demographics,5
Kennewick School District,Historical Demographics for the Kennewick School District.png,student demographics,student demographics,5
Kent School District,Historical Demographics for the Kent School District.png,student demographics,student demographics,5
Kettle Falls School District,Historical Demographics for the Kettle Falls School District.png,student demographics,student demographics,5
Kiona-Benton City School District,Historical Demographics for the Kiona-Benton City School District.png,student demographics,student demographics,5
Kittitas School District,Historical Demographics for the Kittitas School District.png,student demographics,student demographics,5
Klickitat School District,Historical Demographics for the Klickitat School District.png,student demographics,student demographics,5
La Center School District,Historical Demographics for the La Center School District.png,student demographics,student demographics,5
La Conner School District,Historical Demographics for the La Conner School District.png,student demographics,student demographics,5
LaCrosse School District,Historical Demographics for the LaCrosse School District.png,student demographics,student demographics,5
Lake Chelan School District,Historical Demographics for the Lake Chelan School District.png,student demographics,student demographics,5
Lake Quinault School District,Historical Demographics for the Lake Quinault School District.png,student demographics,student demographics,5
Lake Stevens School District,Historical Demographics for the Lake Stevens School District.png,student demographics,student demographics,5
Lake Washington School District,Historical Demographics for the Lake Washington School District.png,student demographics,student demographics,5
Lakewood School District,Historical Demographics for the Lakewood School District.png,student demographics,student demographics,5
Lamont School District,Historical Demographics for the Lamont School District.png,student demographics,student demographics,5
Liberty School District,Historical Demographics for the Liberty School District.png,student demographics,student demographics,5
Lind School District,Historical Demographics for the Lind School District.png,student demographics,student demographics,5
Longview School District,Historical Demographics for the Longview School District.png,student demographics,student demographics,5
Loon Lake School District,Historical Demographics for the Loon Lake School District.png,student demographics,student demographics,5
Lopez School District,Historical Demographics for the Lopez School District.png,student demographics,student demographics,5
Lyle School District,Historical Demographics for the Lyle School District.png,student demographics,student demographics,5
Lynden School District,Historical Demographics for the Lynden School District.png,student demographics,student demographics,5
Mabton School District,Historical Demographics for the Mabton School District.png,student demographics,student demographics,5
Mansfield School District,Historical Demographics for the Mansfield School District.png,student demographics,student demographics,5
Manson School District,Historical Demographics for the Manson School District.png,student demographics,student demographics,5
Mary M Knight School District,Historical Demographics for the Mary M Knight School District.png,student demographics,student demographics,5
Mary Walker School District,Historical Demographics for the Mary Walker School District.png,student demographics,student demographics,5
Marysville School District,Historical Demographics for the Marysville School District.png,student demographics,student demographics,5
McCleary School District,Historical Demographics for the McCleary School District.png,student demographics,student demographics,5
Mead School District,Historical Demographics for the Mead School District.png,student demographics,student demographics,5
Medical Lake School District,Historical Demographics for the Medical Lake School District.png,student demographics,student demographics,5
Mercer Island School District,Historical Demographics for the Mercer Island School District.png,student demographics,student demographics,5
Meridian School District,Historical Demographics for the Meridian School District.png,student demographics,student demographics,5
Methow Valley School District,Historical Demographics for the Methow Valley School District.png,student demographics,student demographics,5
Mill A School District,Historical Demographics for the Mill A School District.png,student demographics,student demographics,5
Monroe School District,Historical Demographics for the Monroe School District.png,student demographics,student demographics,5
Montesano School District,Historical Demographics for the Montesano School District.png,student demographics,student demographics,5
Morton School District,Historical Demographics for the Morton School District.png,student demographics,student demographics,5
Moses Lake School District,Historical Demographics for the Moses Lake School District.png,student demographics,student demographics,5
Mossyrock School District,Historical Demographics for the Mossyrock School District.png,student demographics,student demographics,5
Mount Adams School District,Historical Demographics for the Mount Adams School District.png,student demographics,student demographics,5
Mount Baker School District,Historical Demographics for the Mount Baker School District.png,student demographics,student demographics,5
Mount Pleasant School District,Historical Demographics for the Mount Pleasant School District.png,student demographics,student demographics,5
Mount Vernon School District,Historical Demographics for the Mount Vernon School District.png,student demographics,student demographics,5
Mukilteo School District,Historical Demographics for the Mukilteo School District.png,student demographics,student demographics,5
Naches Valley School District,Historical Demographics for the Naches Valley School District.png,student demographics,student demographics,5
Napavine School District,Historical Demographics for the Napavine School District.png,student demographics,student demographics,5
Naselle-Grays River Valley School District,Historical Demographics for the Naselle-Grays River Valley School District.png,student demographics,student demographics,5
Nespelem School District #14,Historical Demographics for the Nespelem School District #14.png,student demographics,student demographics,5
Newport School District,Historical Demographics for the Newport School District.png,student demographics,student demographics,5
Nine Mile Falls School District,Historical Demographics for the Nine Mile Falls School District.png,student demographics,student demographics,5
Nooksack Valley School District,Historical Demographics for the Nooksack Valley School District.png,student demographics,student demographics,5
North Beach School District No 64,Historical Demographics for the North Beach School District No 64.png,student demographics,student demographics,5
North Franklin School District,Historical Demographics for the North Franklin School District.png,student demographics,student demographics,5
North Kitsap School District,Historical Demographics for the North Kitsap School District.png,student demographics,student demographics,5
North Mason School District,Historical Demographics for the North Mason School District.png,student demographics,student demographics,5
North River School District,Historical Demographics for the North River School District.png,student demographics,student demographics,5
North Thurston Public Schools,Historical Demographics for the North Thurston Public Schools.png,student demographics,student demographics,5
Northport School District,Historical Demographics for the Northport School District.png,student demographics,student demographics,5
Northshore School District,Historical Demographics for the Northshore School District.png,student demographics,student demographics,5
Oak Harbor School District,Historical Demographics for the Oak Harbor School District.png,student demographics,student demographics,5
Oakesdale School District,Historical Demographics for the Oakesdale School District.png,student demographics,student demographics,5
Oakville School District,Historical Demographics for the Oakville School District.png,student demographics,student demographics,5
Ocean Beach School District,Historical Demographics for the Ocean Beach School District.png,student demographics,student demographics,5
Ocosta School District,Historical Demographics for the Ocosta School District.png,student demographics,student demographics,5
Odessa School District,Historical Demographics for the Odessa School District.png,student demographics,student demographics,5
Okanogan School District,Historical Demographics for the Okanogan School District.png,student demographics,student demographics,5
Olympia School District,Historical Demographics for the Olympia School District.png,student demographics,student demographics,5
Omak School District,Historical Demographics for the Omak School District.png,student demographics,student demographics,5
Onalaska School District,Historical Demographics for the Onalaska School District.png,student demographics,student demographics,5
Onion Creek School District,Historical Demographics for the Onion Creek School District.png,student demographics,student demographics,5
Orcas Island School District,Historical Demographics for the Orcas Island School District.png,student demographics,student demographics,5
Orchard Prairie School District,Historical Demographics for the Orchard Prairie School District.png,student demographics,student demographics,5
Orient School District,Historical Demographics for the Orient School District.png,student demographics,student demographics,5
Orondo School District,Historical Demographics for the Orondo School District.png,student demographics,student demographics,5
Oroville School District,Historical Demographics for the Oroville School District.png,student demographics,student demographics,5
Orting School District,Historical Demographics for the Orting School District.png,student demographics,student demographics,5
Othello School District,Historical Demographics for the Othello School District.png,student demographics,student demographics,5
PRIDE Prep Charter School District,Historical Demographics for the PRIDE Prep Charter School District.png,student demographics,student demographics,5
Palisades School District,Historical Demographics for the Palisades School District.png,student demographics,student demographics,5
Palouse School District,Historical Demographics for the Palouse School District.png,student demographics,student demographics,5
Pasco School District,Historical Demographics for the Pasco School District.png,student demographics,student demographics,5
Pateros School District,Historical Demographics for the Pateros School District.png,student demographics,student demographics,5
Paterson School District,Historical Demographics for the Paterson School District.png,student demographics,student demographics,5
Pe Ell School District,Historical Demographics for the Pe Ell School District.png,student demographics,student demographics,5
Peninsula School District,Historical Demographics for the Peninsula School District.png,student demographics,student demographics,5
Pioneer School District,Historical Demographics for the Pioneer School District.png,student demographics,student demographics,5
Pomeroy School District,Historical Demographics for the Pomeroy School District.png,student demographics,student demographics,5
Port Angeles School District,Historical Demographics for the Port Angeles School District.png,student demographics,student demographics,5
Port Townsend School District,Historical Demographics for the Port Townsend School District.png,student demographics,student demographics,5
Prescott School District,Historical Demographics for the Prescott School District.png,student demographics,student demographics,5
Prosser School District,Historical Demographics for the Prosser School District.png,student demographics,student demographics,5
Pullman School District,Historical Demographics for the Pullman School District.png,student demographics,student demographics,5
Puyallup School District,Historical Demographics for the Puyallup School District.png,student demographics,student demographics,5
Queets-Clearwater School District,Historical Demographics for the Queets-Clearwater School District.png,student demographics,student demographics,5
Quilcene School District,Historical Demographics for the Quilcene School District.png,student demographics,student demographics,5
Quillayute Valley School District,Historical Demographics for the Quillayute Valley School District.png,student demographics,student demographics,5
Quincy School District,Historical Demographics for the Quincy School District.png,student demographics,student demographics,5
Rainier Prep Charter School District,Historical Demographics for the Rainier Prep Charter School District.png,student demographics,student demographics,5
Rainier School District,Historical Demographics for the Rainier School District.png,student demographics,student demographics,5
Rainier Valley Leadership Academy,Historical Demographics for the Rainier Valley Leadership Academy.png,student demographics,student demographics,5
Raymond School District,Historical Demographics for the Raymond School District.png,student demographics,student demographics,5
Reardan-Edwall School District,Historical Demographics for the Reardan-Edwall School District.png,student demographics,student demographics,5
Renton School District,Historical Demographics for the Renton School District.png,student demographics,student demographics,5
Republic School District,Historical Demographics for the Republic School District.png,student demographics,student demographics,5
Richland School District,Historical Demographics for the Richland School District.png,student demographics,student demographics,5
Ridgefield School District,Historical Demographics for the Ridgefield School District.png,student demographics,student demographics,5
Ritzville School District,Historical Demographics for the Ritzville School District.png,student demographics,student demographics,5
Riverside School District,Historical Demographics for the Riverside School District.png,student demographics,student demographics,5
Riverview School District,Historical Demographics for the Riverview School District.png,student demographics,student demographics,5
Rochester School District,Historical Demographics for the Rochester School District.png,student demographics,student demographics,5
Roosevelt School District,Historical Demographics for the Roosevelt School District.png,student demographics,student demographics,5
Rosalia School District,Historical Demographics for the Rosalia School District.png,student demographics,student demographics,5
Royal School District,Historical Demographics for the Royal School District.png,student demographics,student demographics,5
SOAR Academy Charter District,Historical Demographics for the SOAR Academy Charter District.png,student demographics,student demographics,5
San Juan Island School District,Historical Demographics for the San Juan Island School District.png,student demographics,student demographics,5
Satsop School District,Historical Demographics for the Satsop School District.png,student demographics,student demographics,5
Seattle School District,Historical Demographics for the Seattle School District.png,student demographics,student demographics,5
Sedro-Woolley School District,Historical Demographics for the Sedro-Woolley School District.png,student demographics,student demographics,5
Selah School District,Historical Demographics for the Selah School District.png,student demographics,student demographics,5
Selkirk School District,Historical Demographics for the Selkirk School District.png,student demographics,student demographics,5
Sequim School District,Historical Demographics for the Sequim School District.png,student demographics,student demographics,5
Shaw Island School District,Historical Demographics for the Shaw Island School District.png,student demographics,student demographics,5
Shelton School District,Historical Demographics for the Shelton School District.png,student demographics,student demographics,5
Shoreline School District,Historical Demographics for the Shoreline School District.png,student demographics,student demographics,5
Skamania School District,Historical Demographics for the Skamania School District.png,student demographics,student demographics,5
Skykomish School District,Historical Demographics for the Skykomish School District.png,student demographics,student demographics,5
Snohomish School District,Historical Demographics for the Snohomish School District.png,student demographics,student demographics,5
Snoqualmie Valley School District,Historical Demographics for the Snoqualmie Valley School District.png,student demographics,student demographics,5
Soap Lake School District,Historical Demographics for the Soap Lake School District.png,student demographics,student demographics,5
South Bend School District,Historical Demographics for the South Bend School District.png,student demographics,student demographics,5
South Kitsap School District,Historical Demographics for the South Kitsap School District.png,student demographics,student demographics,5
South Whidbey School District,Historical Demographics for the South Whidbey School District.png,student demographics,student demographics,5
Southside School District,Historical Demographics for the Southside School District.png,student demographics,student demographics,5
Spokane International Academy,Historical Demographics for the Spokane International Academy.png,student demographics,student demographics,5
Spokane School District,Historical Demographics for the Spokane School District.png,student demographics,student demographics,5
Sprague School District,Historical Demographics for the Sprague School District.png,student demographics,student demographics,5
St John School District,Historical Demographics for the St John School District.png,student demographics,student demographics,5
Stanwood-Camano School District,Historical Demographics for the Stanwood-Camano School District.png,student demographics,student demographics,5
Star School District No 054,Historical Demographics for the Star School District No 054.png,student demographics,student demographics,5
Starbuck School District,Historical Demographics for the Starbuck School District.png,student demographics,student demographics,5
Stehekin School District,Historical Demographics for the Stehekin School District.png,student demographics,student demographics,5
Steilacoom Hist School District,Historical Demographics for the Steilacoom Hist School District.png,student demographics,student demographics,5
Steptoe School District,Historical Demographics for the Steptoe School District.png,student demographics,student demographics,5
Stevenson-Carson School District,Historical Demographics for the Stevenson-Carson School District.png,student demographics,student demographics,5
Sultan School District,Historical Demographics for the Sultan School District.png,student demographics,student demographics,5
Summit Public School Atlas,Historical Demographics for the Summit Public School Atlas.png,student demographics,student demographics,5
Summit Public School Olympus,Historical Demographics for the Summit Public School Olympus.png,student demographics,student demographics,5
Summit Public School Sierra,Historical Demographics for the Summit Public School Sierra.png,student demographics,student demographics,5
Summit Valley School District,Historical Demographics for the Summit Valley School District.png,student demographics,student demographics,5
Sumner School District,Historical Demographics for the Sumner School District.png,student demographics,student demographics,5
Sunnyside School District,Historical Demographics for the Sunnyside School District.png,student demographics,student demographics,5
Tacoma School District,Historical Demographics for the Tacoma School District.png,student demographics,student demographics,5
Taholah School District,Historical Demographics for the Taholah School District.png,student demographics,student demographics,5
Tahoma School District,Historical Demographics for the Tahoma School District.png,student demographics,student demographics,5
Tekoa School District,Historical Demographics for the Tekoa School District.png,student demographics,student demographics,5
Tenino School District,Historical Demographics for the Tenino School District.png,student demographics,student demographics,5
Thorp School District,Historical Demographics for the Thorp School District.png,student demographics,student demographics,5
Toledo School District,Historical Demographics for the Toledo School District.png,student demographics,student demographics,5
Tonasket School District,Historical Demographics for the Tonasket School District.png,student demographics,student demographics,5
Toppenish School District,Historical Demographics for the Toppenish School District.png,student demographics,student demographics,5
Touchet School District,Historical Demographics for the Touchet School District.png,student demographics,student demographics,5
Toutle Lake School District,Historical Demographics for the Toutle Lake School District.png,student demographics,student demographics,5
Trout Lake School District,Historical Demographics for the Trout Lake School District.png,student demographics,student demographics,5
Tukwila School District,Historical Demographics for the Tukwila School District.png,student demographics,student demographics,5
Tumwater School District,Historical Demographics for the Tumwater School District.png,student demographics,student demographics,5
Union Gap School District,Historical Demographics for the Union Gap School District.png,student demographics,student demographics,5
University Place School District,Historical Demographics for the University Place School District.png,student demographics,student demographics,5
Valley School District,Historical Demographics for the Valley School District.png,student demographics,student demographics,5
Vancouver School District,Historical Demographics for the Vancouver School District.png,student demographics,student demographics,5
Vashon Island School District,Historical Demographics for the Vashon Island School District.png,student demographics,student demographics,5
Wahkiakum School District,Historical Demographics for the Wahkiakum School District.png,student demographics,student demographics,5
Wahluke School District,Historical Demographics for the Wahluke School District.png,student demographics,student demographics,5
Waitsburg School District,Historical Demographics for the Waitsburg School District.png,student demographics,student demographics,5
Walla Walla Public Schools,Historical Demographics for the Walla Walla Public Schools.png,student demographics,student demographics,5
Wapato School District,Historical Demographics for the Wapato School District.png,student demographics,student demographics,5
Warden School District,Historical Demographics for the Warden School District.png,student demographics,student demographics,5
Washougal School District,Historical Demographics for the Washougal School District.png,student demographics,student demographics,5
Washtucna School District,Historical Demographics for the Washtucna School District.png,student demographics,student demographics,5
Waterville School District,Historical Demographics for the Waterville School District.png,student demographics,student demographics,5
Wellpinit School District #49,Historical Demographics for the Wellpinit School District #49.png,student demographics,student demographics,5
Wenatchee School District,Historical Demographics for the Wenatchee School District.png,student demographics,student demographics,5
West Valley School District (Spokane),Historical Demographics for the West Valley School District (Spokane).png,student demographics,student demographics,5
West Valley School District (Yakima),Historical Demographics for the West Valley School District (Yakima).png,student demographics,student demographics,5
White Pass School District,Historical Demographics for the White Pass School District.png,student demographics,student demographics,5
White River School District,Historical Demographics for the White River School District.png,student demographics,student demographics,5
White Salmon Valley School District,Historical Demographics for the White Salmon Valley School District.png,student demographics,student demographics,5
Wilbur School District,Historical Demographics for the Wilbur School District.png,student demographics,student demographics,5
Willapa Valley School District,Historical Demographics for the Willapa Valley School District.png,student demographics,student demographics,5
Wilson Creek School District,Historical Demographics for the Wilson Creek School District.png,student demographics,student demographics,5
Winlock School District,Historical Demographics for the Winlock School District.png,student demographics,student demographics,5
Wishkah Valley School District,Historical Demographics for the Wishkah Valley School District.png,student demographics,student demographics,5
Wishram School District,Historical Demographics for the Wishram School District.png,student demographics,student demographics,5
Woodland School District,Historical Demographics for the Woodland School District.png,student demographics,student demographics,5
Yakima School District,Historical Demographics for the Yakima School District.png,student demographics,student demographics,5
Yelm School District,Historical Demographics for the Yelm School District.png,student demographics,student demographics,5
Zillah School District,Historical Demographics for the Zillah School District.png,student demographics,student demographics,5
